<?xml version="1.0" encoding="UTF-8"?>

<datasource jta="true" jndi-name="java:/AlbumDS" pool-name="AlbumDS"
	enabled="true" use-java-context="true" use-ccm="true">
	<connection-url>jdbc:mysql://localhost:3306/Albuns</connection-url>
	<driver>com.mysql</driver>
	<transaction-isolation>TRANSACTION_READ_COMMITTED
	</transaction-isolation>
	<pool>
		<min-pool-size>1</min-pool-size>
		<max-pool-size>5</max-pool-size>
		<prefill>true</prefill>
		<use-strict-min>false</use-strict-min>
		<flush-strategy>FailingConnectionOnly</flush-strategy>
	</pool>
	<security>
		<user-name>root</user-name>
		<password>senai</password>
	</security>
	<statement>
		<prepared-statement-cache-size>32</prepared-statement-cache-size>
	</statement>
</datasource>

